{
  "version": "1.1.1",
  "windows": {
    "main": {
      "main": true,
      "url": "app://editor/index.html",
      "windowType": "dockable",
      "x": 0,
      "y": 23,
      "width": 2048,
      "height": 1049,
      "layout": {
        "children": [
          {
            "active": 0,
            "children": [
              "assets"
            ],
            "height": 958,
            "type": "panel",
            "width": 327
          },
          {
            "children": [
              {
                "children": [
                  {
                    "active": 0,
                    "children": [
                      "scene"
                    ],
                    "height": 688.984375,
                    "type": "panel",
                    "width": 1024.984375
                  },
                  {
                    "active": 1,
                    "children": [
                      "node-library",
                      "hierarchy"
                    ],
                    "height": 688.984375,
                    "type": "panel",
                    "width": 376.984375
                  }
                ],
                "height": 688.984375,
                "type": "dock-h",
                "width": 1404.984375
              },
              {
                "active": 0,
                "children": [
                  "console",
                  "timeline"
                ],
                "height": 266,
                "type": "panel",
                "width": 1404.984375
              }
            ],
            "height": 958,
            "type": "dock-v",
            "width": 1404.984375
          },
          {
            "active": 0,
            "children": [
              "inspector"
            ],
            "height": 958,
            "type": "panel",
            "width": 304
          }
        ],
        "type": "dock-h"
      },
      "panels": [
        "node-library",
        "console",
        "timeline",
        "inspector",
        "assets",
        "scene",
        "hierarchy"
      ]
    }
  },
  "panels": {
    "sprite-editor": {
      "x": 774,
      "y": 263,
      "width": 500,
      "height": 522
    }
  }
}